symbol,allPoints,allRank,d_IndicatorPoints,d_Rank,d_adxPoints,d_emaPoints,d_kstPoints,d_macdPoints,d_rsiPoints,d_volumePoints,hl_BreakoutPoints,m_IndicatorPoints,m_Rank,m_adxPoints,m_emaPoints,m_kstPoints,m_macdPoints,m_rsiPoints,m_volumePoints,min75_Rank,min75_adxPoints,min75_emaPoints,min75_kstPoints,min75_macdPoints,min75_rsiPoints,min75_volumePoints,w_IndicatorPoints,w_Rank,w_adxPoints,w_emaPoints,w_kstPoints,w_macdPoints,w_rsiPoints,w_volumePoints
BEL,835,1,100,1,17,64,2,2,9,6,93,100,1,26,65,2,2,9,6,1,24,61,2,2,7,4,212,1,21,69,2,2,8,4
TORNTPOWER,834,2,105,1,24,63,2,2,8,6,90,79,1,26,65,2,2,9,6,1,20,59,-3,2,0,1,230,1,26,70,2,2,9,6
ABB,833,3,100,1,24,63,-3,2,8,6,93,92,1,26,65,2,2,9,6,1,17,61,2,2,6,4,218,1,21,69,2,2,9,6
KSB,823,4,97,1,16,63,2,2,8,6,92,108,1,26,65,2,2,9,6,1,26,63,2,2,9,6,196,1,18,69,-2,2,8,3
MOTILALOFS,823,5,100,1,19,63,2,2,8,6,90,92,1,21,65,2,2,9,6,1,20,64,-2,2,4,4,226,1,24,70,2,2,9,6
THERMAX,823,6,106,1,24,63,2,2,9,6,87,80,1,26,65,2,2,9,6,1,19,59,-3,3,2,0,220,1,23,69,2,2,9,5
EXIDEIND,822,7,105,1,23,63,2,2,9,6,93,101,1,21,65,2,2,9,6,1,28,63,-2,2,9,1,208,1,21,69,-2,2,9,5
CUMMINSIND,820,8,92,1,18,64,-2,2,5,5,90,92,1,28,65,2,2,9,4,1,15,63,2,2,5,5,216,1,24,65,2,2,9,6
HAL,820,9,99,1,17,64,2,2,8,6,78,91,1,28,65,2,2,9,6,1,18,61,-2,2,8,4,216,1,21,70,2,2,9,4
KEI,815,10,99,1,17,63,2,2,9,6,93,99,1,24,65,2,2,9,6,1,21,63,2,2,7,4,200,1,16,69,2,2,8,3
HINDZINC,808,11,106,1,25,62,2,2,9,6,93,105,1,17,66,2,2,8,3,1,26,63,2,2,6,6,210,1,18,69,2,2,9,5
SUNDARMFIN,808,12,98,1,17,63,2,2,8,6,91,88,1,21,65,2,2,9,6,1,23,63,-2,2,3,-1,216,1,24,69,2,2,8,3
PHOENIXLTD,806,13,95,1,15,63,2,2,8,5,92,99,1,24,65,2,2,9,6,1,26,61,2,2,6,2,196,1,20,69,-2,2,8,1
TATAPOWER,806,14,97,1,16,63,2,2,8,6,92,98,1,21,65,-2,2,9,6,1,24,63,2,2,2,5,216,1,23,69,2,2,8,4
BLUESTARCO,801,15,96,1,19,64,2,2,4,5,88,65,1,26,65,2,2,9,6,1,18,47,-3,0,-2,5,222,1,24,69,2,2,8,6
KPIL,800,16,96,1,20,63,2,2,4,5,87,75,1,23,64,2,2,9,6,1,19,55,-3,2,-2,4,224,1,24,69,2,2,9,6
GAIL,795,17,95,1,16,63,2,2,7,5,89,74,1,21,65,2,2,9,6,1,19,55,-3,0,0,3,222,1,24,69,2,2,9,5
GODREJPROP,794,18,102,1,21,63,2,2,8,6,90,81,1,19,65,2,2,8,5,1,21,59,-3,2,1,1,218,1,23,69,2,2,8,5
AEGISCHEM,794,19,98,1,17,63,2,2,8,6,93,108,1,15,65,2,2,8,5,1,26,63,2,2,9,6,204,1,16,69,2,2,8,5
SIEMENS,790,20,98,1,21,63,1,2,5,6,85,49,1,26,65,2,2,9,6,1,14,47,-3,-2,-3,-4,228,1,26,69,2,2,9,6
SAIL,789,21,97,1,16,63,2,2,8,6,92,94,1,16,65,2,2,9,6,1,21,61,-2,2,8,4,206,1,17,69,2,2,8,5
TATAMOTORS,789,22,88,1,13,63,-3,2,7,6,85,83,1,23,65,2,2,9,6,1,16,61,1,2,2,1,212,1,26,65,2,2,6,5
DIXON,788,23,101,1,19,64,2,2,8,6,72,79,1,23,65,2,2,8,6,1,18,55,2,2,-1,3,218,1,21,69,2,2,9,6
NTPC,788,24,98,1,17,63,2,2,8,6,87,69,1,26,65,2,2,9,6,1,21,55,-3,0,-2,-2,204,1,24,69,-3,2,5,5
INDIGO,787,25,101,1,21,64,2,2,7,5,77,79,1,21,65,2,2,9,5,1,24,55,2,2,-2,-2,218,1,21,69,2,2,9,6
BSE,783,26,99,1,19,63,2,2,7,6,74,74,1,26,65,2,2,9,6,1,18,55,-3,2,-1,3,206,1,21,70,-3,2,8,5
PETRONET,782,27,100,1,19,63,2,2,8,6,92,95,1,14,65,2,2,8,4,1,21,63,2,2,2,5,210,1,19,69,2,2,8,5
CENTURYTEX,781,28,97,1,17,63,2,2,7,6,90,63,1,21,65,2,2,9,6,1,18,49,-3,0,-2,1,216,1,21,69,2,2,8,6
MAHLIFE,779,29,100,1,19,63,2,2,8,6,90,92,1,21,65,-3,2,8,6,1,16,61,2,2,7,4,200,1,15,69,2,2,8,4
M&M,779,30,97,1,18,63,2,2,7,5,90,69,1,21,65,2,2,9,6,1,18,55,-3,0,0,-1,208,1,19,69,2,2,8,4
JSWENERGY,778,31,97,1,17,63,2,2,8,5,90,78,1,21,65,-3,2,9,5,1,21,55,-3,2,-1,4,216,1,21,69,2,2,9,5
MCDOWELL-N,778,32,91,1,13,63,2,2,5,6,92,92,1,18,65,2,2,8,6,1,16,63,2,2,4,5,200,1,18,70,-2,2,8,4
COCHINSHIP,776,33,97,1,17,63,2,2,7,6,70,61,1,26,65,2,2,9,6,1,20,47,-3,0,-2,-1,218,1,26,69,-3,2,9,6
BAJAJ-AUTO,775,34,85,1,18,62,-3,2,3,3,79,87,1,23,64,2,2,9,6,1,12,63,2,2,4,4,206,1,24,66,2,2,4,5
GLENMARK,771,35,98,1,16,63,2,2,9,6,75,88,1,19,65,2,2,9,5,1,21,61,-3,2,3,4,204,1,16,69,2,2,9,4
CASTROLIND,769,36,95,1,15,63,2,2,7,6,75,82,1,19,65,2,2,8,5,1,19,59,-3,2,1,4,214,1,21,69,2,2,8,5
EICHERMOT,768,37,99,1,19,63,2,2,8,5,92,94,1,15,65,2,2,8,3,1,21,63,1,2,2,5,198,1,13,70,2,2,8,4
HEG,766,38,103,1,21,63,2,2,9,6,54,104,1,15,65,2,2,8,5,1,24,64,2,2,8,4,214,1,21,69,2,2,8,5
IRCTC,766,39,98,1,17,63,2,2,8,6,55,100,1,23,66,-3,2,8,5,1,21,63,2,2,7,5,210,1,21,69,2,2,8,3
TATAMTRDVR,762,40,87,1,13,63,-3,2,6,6,82,68,1,25,65,2,2,9,6,1,15,55,-3,2,-1,0,198,1,24,66,-3,2,5,5
DATAPATTNS,760,41,97,1,16,63,2,2,8,6,49,102,1,21,65,-2,2,8,6,1,24,63,2,2,5,6,212,1,19,69,2,2,8,6
ANANDRATHI,756,42,94,1,16,64,2,2,7,3,47,97,1,28,65,-2,2,9,6,1,21,63,2,2,8,1,194,1,24,65,-3,2,6,3
HINDCOPPER,756,43,98,1,16,63,2,2,9,6,90,97,1,23,44,2,2,9,5,1,26,64,-2,2,4,3,216,1,21,70,2,2,9,4
VGUARD,754,44,92,1,12,63,2,2,7,6,87,78,1,15,65,2,2,8,5,1,21,55,-3,2,-1,4,206,1,15,70,2,2,8,6
INDHOTEL,747,45,68,1,-7,64,-2,2,6,5,88,53,1,26,65,2,2,9,6,1,-15,61,2,2,5,-2,208,1,21,65,2,2,9,5
IPCALAB,745,46,97,1,16,63,2,2,8,6,54,85,1,19,65,2,2,8,5,1,20,59,-2,2,1,5,206,1,20,69,-2,2,8,6
BHARTIARTL,742,47,62,1,-4,61,-2,2,2,3,80,82,1,21,66,2,2,9,6,1,14,63,2,2,3,-2,200,1,24,65,1,2,4,4
MUTHOOTFIN,737,48,104,1,24,63,2,2,7,6,49,86,1,17,65,2,2,8,4,1,19,61,-3,2,4,3,204,1,17,69,2,2,8,4
360ONE,736,49,97,1,16,63,2,2,8,6,15,102,1,24,65,2,2,8,5,1,24,63,2,2,7,4,204,1,21,69,-2,2,8,4
NATIONALUM,729,50,95,1,17,63,2,2,5,6,86,29,1,19,65,2,2,9,6,1,-8,47,-3,0,-4,-3,210,1,19,69,2,2,8,5
VOLTAS,727,51,99,1,19,63,2,2,7,6,42,73,1,16,65,2,2,8,4,1,20,55,-3,0,0,1,222,1,23,69,2,2,9,6
DMART,726,52,103,1,21,63,2,2,9,6,54,86,1,13,65,-2,2,8,3,1,19,61,-3,2,3,4,216,1,21,69,2,2,9,5
JINDALSTEL,725,53,91,1,15,64,2,2,4,4,85,33,1,19,65,2,2,9,5,1,-5,47,-3,1,-3,-4,210,1,19,69,2,2,8,5
BHEL,724,54,95,1,13,64,2,2,8,6,87,83,1,23,45,2,2,9,6,1,16,59,2,2,0,4,198,1,21,69,-3,2,5,5
VEDL,723,55,105,1,23,63,2,2,9,6,45,108,1,10,66,-2,2,8,1,1,26,63,2,2,9,6,210,1,18,69,2,2,9,5
TRENT,723,56,88,1,15,63,-2,2,7,3,9,92,1,28,65,2,2,9,6,1,17,63,2,2,7,1,198,1,24,65,-3,2,6,5
ICICIBANK,723,57,79,1,6,63,-2,2,6,4,80,74,1,18,66,-3,2,8,5,1,14,61,-3,0,2,0,202,1,18,66,2,2,8,5
CANBK,723,58,90,1,13,64,2,2,4,5,81,29,1,26,64,2,2,9,6,1,-7,39,-3,0,-4,4,196,1,19,66,2,2,4,5
MAXHEALTH,722,59,98,1,17,63,2,2,8,6,15,100,1,26,65,-2,2,9,5,1,21,63,2,2,7,5,194,1,16,69,2,2,8,0
JBCHEPHARM,722,60,98,1,16,63,2,2,9,6,15,101,1,24,65,-2,2,9,6,1,19,63,2,2,9,6,196,1,17,69,-2,2,8,4
ASTERDM,721,61,95,1,17,63,2,2,8,3,13,100,1,19,65,2,2,9,6,1,26,63,-3,2,8,4,204,1,24,69,-2,2,5,4
BRIGADE,721,62,96,1,16,63,2,2,7,6,10,95,1,24,65,2,2,9,6,1,21,63,2,2,4,3,196,1,20,69,-3,2,5,5
KALYANKJIL,718,63,95,1,15,64,2,2,6,6,52,45,1,24,65,2,2,9,6,1,-11,47,2,3,4,0,202,1,23,70,-3,2,5,4
JUBLINGREA,716,64,99,1,17,63,2,2,9,6,44,105,1,13,66,-2,2,6,5,1,24,64,2,2,7,6,198,1,14,69,2,2,7,5
SCHNEIDER,716,65,87,1,21,59,1,2,-1,5,82,-5,1,28,65,2,2,9,6,1,-8,15,-3,-2,-6,-1,216,1,26,69,2,2,4,5
NAM-INDIA,712,66,98,1,17,63,2,2,8,6,14,88,1,19,65,2,2,8,6,1,24,59,-3,2,1,5,206,1,24,69,-2,2,5,5
CHALET,711,67,98,1,18,63,2,2,7,6,3,82,1,24,65,2,2,9,6,1,9,63,2,2,4,2,204,1,24,70,-3,2,4,5
POWERINDIA,710,68,94,1,21,63,2,2,1,5,55,15,1,26,65,2,2,9,6,1,-13,39,-3,0,-5,-3,216,1,21,69,2,2,9,5
PNB,708,69,95,1,15,64,2,2,6,6,74,73,1,23,44,2,2,9,6,1,16,55,-3,2,-2,5,208,1,24,66,2,2,5,5
REDINGTON,704,70,88,1,13,63,2,2,3,5,80,48,1,19,66,-3,2,8,4,1,13,39,-3,0,-4,3,200,1,18,65,2,2,8,5
VTL,704,71,96,1,15,63,2,2,8,6,42,96,1,10,65,2,2,8,5,1,17,63,2,2,8,4,194,1,11,69,2,2,8,5
IRB,702,72,96,1,16,64,2,2,6,6,10,64,1,26,65,2,2,9,6,1,24,47,-3,0,-2,-2,202,1,19,69,-3,2,8,6
KARURVYSYA,701,73,93,1,14,63,2,2,6,6,9,80,1,24,65,2,2,9,5,1,18,61,-3,0,1,3,198,1,23,69,-3,2,4,4
GRAPHITE,701,74,87,1,16,61,2,2,0,6,46,55,1,16,65,2,2,8,6,1,21,39,-3,0,-5,3,216,1,23,69,2,2,8,4
CDSL,698,75,92,1,14,63,2,2,8,3,15,103,1,21,66,-2,2,8,5,1,21,63,2,2,9,6,188,1,19,69,-3,2,4,3
RADICO,698,76,96,1,16,63,2,2,8,5,15,95,1,21,65,-2,2,8,4,1,17,63,2,2,7,4,198,1,18,69,-2,2,8,4
ICICIPRULI,693,77,100,1,18,64,2,2,8,6,49,73,1,9,66,2,2,7,5,1,18,55,-3,2,-2,3,198,1,14,69,2,2,8,4
GPIL,690,78,97,1,16,63,2,2,8,6,14,99,1,21,59,-3,2,9,6,1,21,63,2,2,5,6,198,1,19,69,-3,2,8,4
MCX,689,79,96,1,16,63,2,2,7,6,9,81,1,19,65,2,2,9,6,1,21,55,1,2,-2,4,194,1,19,70,-3,2,5,4
TATASTEEL,688,80,93,1,16,64,2,2,4,5,84,16,1,17,65,-2,2,8,5,1,-10,39,-3,-2,-4,-4,210,1,19,69,2,2,8,5
BEML,687,81,95,1,16,63,2,2,6,6,11,81,1,19,65,2,2,8,6,1,24,55,-3,2,-1,4,194,1,21,69,-3,2,4,4
POONAWALLA,686,82,87,1,11,63,2,2,5,4,9,86,1,21,65,-3,2,8,5,1,16,61,-3,2,6,4,210,1,20,69,2,2,7,5
ACE,684,83,71,1,13,55,-3,2,-1,5,85,-14,1,28,65,2,2,9,6,1,-15,9,-3,1,-3,-3,206,1,24,65,2,2,4,6
MANAPPURAM,682,84,97,1,16,63,2,2,8,6,44,72,1,11,65,2,2,7,4,1,21,55,-3,2,-1,-2,196,1,16,69,-2,2,8,5
CESC,681,85,99,1,19,63,2,2,7,6,11,78,1,17,65,2,2,8,5,1,23,55,-3,2,0,1,196,1,19,69,-3,2,8,3
NAUKRI,676,86,94,1,17,63,2,2,5,5,49,28,1,17,65,2,2,8,5,1,-13,47,-3,0,-3,0,208,1,19,69,2,2,8,4
JINDALSAW,675,87,95,1,15,63,2,2,7,6,12,91,1,24,59,2,2,4,6,1,16,61,2,2,6,4,186,1,16,70,-3,2,4,4
NUVAMA,674,88,103,1,21,63,2,2,9,6,36,99,1,18,65,-2,2,1,2,1,20,63,2,2,8,4,178,1,17,59,-2,2,9,4
ARE&M,673,89,98,1,17,63,2,2,8,6,7,97,1,18,64,2,2,7,0,1,26,63,-3,2,5,4,192,1,17,69,-2,2,7,3
TATACHEM,672,90,89,1,16,63,-2,2,5,5,34,65,1,19,66,-3,2,7,5,1,18,55,-3,0,-2,-3,196,1,16,69,2,2,5,4
HONAUT,672,91,101,1,19,63,2,2,9,6,45,87,1,10,66,-2,2,6,3,1,23,59,-3,2,1,5,184,1,14,61,2,2,8,5
GODREJIND,670,92,93,1,16,63,2,2,4,6,9,63,1,21,65,2,2,7,6,1,20,47,-3,0,-1,0,196,1,21,69,-3,2,5,4
JUSTDIAL,669,93,95,1,17,63,2,2,5,6,5,69,1,15,65,2,2,6,6,1,19,49,-3,2,-1,3,212,1,19,70,2,2,7,6
LINDEINDIA,668,94,77,1,16,59,-3,2,0,3,80,-3,1,24,65,-3,2,9,5,1,-8,15,-3,-2,-3,-2,208,1,17,69,2,2,8,6
SOBHA,666,95,95,1,16,64,2,2,6,5,6,57,1,19,64,2,2,9,6,1,16,49,-3,0,-2,-3,202,1,23,69,-3,2,5,5
ADANIPOWER,665,96,84,1,16,61,2,2,-1,4,84,3,1,21,65,-2,2,8,6,1,-9,25,-3,-2,-5,-3,194,1,19,70,-3,2,4,5
BDL,665,97,79,1,3,63,2,2,4,5,0,84,1,24,65,2,2,9,6,1,16,59,2,2,2,3,178,1,18,65,-3,2,3,4
LODHA,663,98,85,1,9,63,2,2,5,4,6,67,1,21,65,2,2,9,6,1,18,49,-2,0,-1,3,190,1,18,69,-3,2,4,5
EIHOTEL,662,99,91,1,18,63,2,2,1,5,9,24,1,23,64,2,2,9,6,1,-8,39,-2,0,-5,0,220,1,26,65,2,2,9,6
LICHSGFIN,662,100,96,1,17,63,2,2,7,5,4,67,1,16,65,2,2,8,6,1,16,55,-3,2,-1,-2,198,1,21,69,-3,2,5,5
JIOFIN,660,101,92,1,19,61,-3,2,8,5,25,88,1,18,64,-2,2,1,2,1,21,61,-3,2,2,5,200,1,26,55,2,2,9,6
ZOMATO,659,102,98,1,19,63,2,2,7,5,51,70,1,19,36,2,2,9,6,1,16,55,-3,0,-1,3,218,1,21,70,2,2,9,5
SRF,659,103,92,1,13,63,2,2,7,5,32,73,1,15,66,-3,2,7,1,1,16,55,2,2,-2,0,198,1,13,69,2,2,8,5
FDC,658,104,80,1,3,63,2,2,5,5,2,75,1,18,65,2,2,8,6,1,14,61,-3,0,2,1,198,1,23,69,-3,2,3,5
INOXWIND,656,105,93,1,15,63,2,2,5,6,4,99,1,26,45,2,2,9,6,1,21,63,2,2,7,4,190,1,19,69,-3,2,5,3
TRITURBINE,656,106,85,1,18,59,2,2,0,4,77,-5,1,18,65,-2,2,8,6,1,-9,15,-2,-2,-5,-2,208,1,17,69,2,2,8,6
MEDANTA,656,107,94,1,15,64,2,2,6,5,7,67,1,24,64,-2,2,6,6,1,16,55,-3,2,0,-3,188,1,24,60,-2,2,5,5
APARINDS,655,108,85,1,16,61,2,2,-1,5,76,-8,1,24,59,2,2,9,6,1,-11,15,-3,-2,-5,-2,196,1,20,70,-2,2,4,4
NBCC,655,109,90,1,15,63,2,2,3,5,1,58,1,21,64,2,2,9,6,1,16,47,-3,0,-2,0,194,1,24,65,-3,2,3,6
MAZDOCK,653,110,87,1,16,55,2,2,6,6,9,77,1,26,59,1,2,4,6,1,23,55,-3,0,-1,3,186,1,18,67,-3,2,6,3
KEC,652,111,95,1,19,63,2,2,3,6,16,8,1,21,66,2,2,8,6,1,-8,25,-3,-2,-4,0,218,1,23,69,2,2,8,5
SCHAEFFLER,652,112,96,1,17,63,2,2,8,4,18,72,1,24,66,-3,2,4,3,1,9,61,-3,2,0,3,178,1,9,69,2,2,6,1
HINDALCO,652,113,97,1,16,63,2,2,8,6,14,86,1,16,65,-3,2,6,3,1,21,59,2,2,0,2,188,1,17,70,-3,2,7,1
PNCINFRA,651,114,90,1,16,63,2,2,3,4,-2,64,1,18,66,2,2,8,5,1,15,47,-3,3,1,1,196,1,16,65,2,2,8,5
M&MFIN,650,115,97,1,16,63,2,2,8,6,27,83,1,14,65,-3,2,7,4,1,23,59,-3,2,1,1,176,1,5,69,2,2,6,4
WELCORP,649,116,90,1,15,63,2,2,3,5,9,67,1,24,59,2,2,8,6,1,11,59,-3,2,1,-3,180,1,16,70,-3,2,2,3
EIDPARRY,649,117,94,1,15,63,2,2,7,5,7,93,1,14,65,-3,2,5,6,1,18,63,1,2,4,5,188,1,17,69,-3,2,6,3
ELGIEQUIP,649,118,76,1,13,49,2,2,4,6,7,86,1,20,65,-3,2,8,6,1,12,63,2,2,3,4,186,1,18,65,2,2,2,4
ABCAPITAL,647,119,97,1,17,63,2,2,7,6,72,61,1,18,45,-2,2,8,4,1,18,49,-3,2,-1,-4,192,1,12,69,2,2,7,4
COALINDIA,647,120,82,1,4,63,2,2,6,5,9,93,1,26,44,2,2,9,6,1,16,63,2,2,4,6,196,1,24,66,-3,2,5,4
TATAINVEST,647,121,48,1,12,36,-3,3,-1,1,4,59,1,28,65,2,2,9,6,1,10,45,-3,3,1,3,200,1,23,65,2,2,2,6
CAMS,645,122,82,1,6,63,2,2,5,4,5,84,1,14,65,2,2,7,6,1,16,59,2,2,2,3,186,1,18,69,-3,2,3,4
NHPC,644,123,79,1,3,63,2,2,3,6,4,47,1,26,65,2,2,9,6,1,10,39,-2,0,-4,4,184,1,21,66,-2,2,4,1
AARTIIND,643,124,98,1,17,63,2,2,8,6,45,101,1,16,45,2,2,7,5,1,19,63,2,2,9,6,168,1,19,48,2,2,8,5
HUDCO,640,125,86,1,11,62,2,2,3,6,1,25,1,26,65,2,2,9,6,1,-10,39,-3,0,-2,1,198,1,24,65,-2,2,5,5
LUPIN,640,126,67,1,8,47,-2,3,5,6,0,80,1,21,59,2,2,9,6,1,15,61,2,2,2,-2,196,1,24,66,-3,2,4,5
UBL,638,127,92,1,14,63,2,2,8,3,12,73,1,15,65,-3,2,7,5,1,11,59,-2,2,0,3,188,1,14,69,-2,2,7,4
ADANIPORTS,637,128,65,1,9,57,1,2,-2,-2,72,-14,1,21,66,2,2,9,6,1,-10,9,-3,-2,-6,-2,196,1,21,65,2,2,4,4
GODFRYPHLP,636,129,56,1,13,50,-3,0,-4,0,72,-13,1,26,65,2,2,9,5,1,12,-19,-3,1,-5,1,194,1,24,65,2,2,1,3
CONCORDBIO,635,130,99,1,19,63,2,2,7,6,13,85,1,18,65,-2,2,1,2,1,19,61,2,2,-1,2,180,1,23,59,-3,2,5,4
PIDILITIND,634,131,78,1,16,59,-3,2,-1,5,75,-4,1,16,65,-2,2,8,4,1,-4,15,-3,-2,-6,-4,206,1,19,69,2,2,8,3
NLCINDIA,634,132,84,1,8,63,2,2,4,5,0,72,1,24,59,2,2,8,3,1,18,55,-2,2,-2,1,184,1,18,70,-3,2,4,1
RAINBOW,632,133,91,1,18,63,2,2,3,3,4,22,1,23,65,-2,2,6,5,1,7,25,-2,-2,-4,-2,218,1,24,69,2,2,7,5
NSLNISP,632,134,94,1,15,63,2,2,6,6,9,81,1,19,65,-2,2,4,6,1,21,59,-3,2,-1,3,166,1,16,59,-2,2,7,1
POLYCAB,631,135,97,1,16,63,2,2,8,6,16,72,1,24,59,-3,2,4,4,1,13,59,-2,2,-1,1,176,1,11,70,-2,2,7,0
RITES,631,136,66,1,4,49,2,2,4,5,5,69,1,21,65,2,2,7,6,1,11,47,2,2,4,3,182,1,20,65,-3,2,2,5
DLF,631,137,85,1,15,63,2,2,0,3,3,28,1,23,65,2,2,9,6,1,11,25,-3,-2,-4,1,194,1,24,66,-3,2,4,4
NMDC,629,138,97,1,16,63,2,2,8,6,9,92,1,19,44,2,2,9,5,1,21,61,2,2,1,5,188,1,21,69,-3,2,5,0
MARUTI,629,139,79,1,20,56,-2,2,-2,5,72,-14,1,17,65,2,2,8,4,1,-14,15,-3,-2,-5,-5,198,1,19,65,2,2,7,4
GPPL,628,140,73,1,6,64,-3,2,0,4,0,40,1,21,65,2,2,9,6,1,15,25,2,1,-4,1,200,1,18,65,2,2,7,6
DOMS,627,141,96,1,19,63,2,2,4,6,22,79,1,18,65,-2,2,1,2,1,20,55,-3,2,0,5,172,1,15,59,-2,2,8,4
CONCOR,626,142,91,1,13,63,2,2,5,6,9,51,1,16,65,2,2,7,5,1,-7,55,-3,2,-1,5,184,1,16,69,-3,2,4,4
UTIAMC,626,143,90,1,14,63,2,2,7,2,9,72,1,11,65,-3,2,5,5,1,13,61,-3,2,2,-3,200,1,19,69,-2,2,7,5
MFSL,623,144,90,1,11,63,2,2,6,6,15,39,1,16,65,2,2,7,5,1,-12,49,1,2,-2,1,188,1,13,70,-2,2,7,4
USHAMART,623,145,96,1,16,63,2,2,7,6,9,75,1,23,60,-3,2,3,4,1,7,61,-2,2,2,5,176,1,8,70,-2,2,6,4
MSUMI,623,146,91,1,13,63,2,2,5,6,5,66,1,13,65,-2,2,8,5,1,12,45,-3,3,5,4,188,1,11,70,2,2,5,4
FORTIS,622,147,86,1,13,63,2,2,3,3,6,62,1,21,60,2,2,8,3,1,18,47,-3,0,-3,3,180,1,19,69,-3,2,3,0
SJVN,621,148,80,1,6,62,2,2,3,5,9,20,1,26,65,2,2,9,6,1,7,25,-3,-2,-4,-3,182,1,19,65,-3,2,4,4
SOLARINDS,621,149,64,1,16,55,-3,0,-2,-2,68,-35,1,26,65,2,2,9,6,1,-10,-11,-3,-2,-6,-3,194,1,24,66,-3,2,4,4
GRSE,621,150,92,1,15,63,2,2,4,6,7,55,1,21,59,1,2,4,6,1,18,47,-3,0,-4,-3,188,1,14,70,-3,2,6,5
VIJAYA,620,151,94,1,13,63,2,2,8,6,15,96,1,16,38,2,2,7,4,1,15,63,2,2,8,6,208,1,23,69,-3,2,8,5
JAIBALAJI,619,152,68,1,10,43,2,3,6,4,7,66,1,26,58,2,2,4,6,1,18,43,-3,2,3,3,184,1,21,66,-3,2,3,3
BAJAJFINSV,618,153,94,1,15,63,2,2,7,5,18,74,1,8,65,-3,2,6,4,1,18,55,-3,2,-1,3,186,1,11,69,2,2,6,3
SBIN,617,154,80,1,10,63,2,2,0,3,4,51,1,19,65,-3,2,8,5,1,7,49,-3,2,-4,0,194,1,17,65,2,2,7,4
BOSCHLTD,616,155,59,1,14,50,-3,0,-2,0,73,-39,1,21,65,2,2,9,6,1,-13,-19,-3,4,-4,-4,208,1,24,65,2,2,6,5
GSPL,615,156,90,1,14,63,2,2,3,6,3,24,1,16,65,2,2,8,5,1,-13,39,-3,0,-4,5,204,1,18,69,2,2,7,4
IOC,614,157,73,1,5,63,2,2,-1,2,0,26,1,23,65,2,2,9,6,1,-5,41,-3,0,-4,-3,194,1,24,66,-3,2,4,4
TATACONSUM,613,158,45,1,-10,41,2,3,5,4,9,70,1,21,66,2,2,7,5,1,16,43,2,2,4,3,180,1,20,65,-3,2,2,4
BANKBARODA,610,159,70,1,3,63,2,2,-1,1,4,33,1,21,65,2,2,9,6,1,-7,41,-3,2,-4,4,188,1,18,65,2,2,3,4
FEDERALBNK,609,160,82,1,6,63,2,2,5,4,4,65,1,16,65,-3,2,8,4,1,9,55,-3,2,-1,3,182,1,13,70,-3,2,6,3
FSL,609,161,67,1,-10,63,2,2,5,5,3,61,1,18,60,2,2,8,6,1,13,49,-2,2,-2,1,190,1,18,69,-3,2,4,5
LTTS,608,162,89,1,16,61,2,2,3,5,9,28,1,18,66,-3,2,8,5,1,-7,39,-3,3,-1,-3,194,1,20,69,-2,2,4,4
RAYMOND,606,163,91,1,14,63,2,2,4,6,8,51,1,21,65,-3,2,5,4,1,16,39,-3,0,-4,3,174,1,3,70,2,2,6,4
GRASIM,603,164,58,1,-4,55,2,2,-1,4,75,8,1,19,66,-3,2,8,6,1,-7,29,-3,-2,-6,-3,168,1,16,65,-3,2,3,1
DEEPAKNTR,602,165,63,1,16,29,2,2,8,6,15,99,1,15,66,-3,2,2,5,1,19,63,2,2,8,5,164,1,7,67,-3,2,6,3
BPCL,602,166,45,1,-6,47,-2,3,1,2,2,55,1,18,65,2,2,9,6,1,-3,49,2,2,1,4,194,1,21,65,1,2,4,4
APOLLOHOSP,601,167,76,1,8,61,2,2,2,1,-1,49,1,21,66,-3,2,8,5,1,7,47,-3,0,-3,1,180,1,18,65,-3,2,3,5
MGL,601,168,87,1,15,61,2,2,2,5,-5,35,1,17,65,2,2,7,5,1,-7,47,-3,0,-3,1,190,1,16,69,2,2,3,3
LEMONTREE,601,169,63,1,-7,63,2,2,2,1,4,51,1,20,65,1,2,8,5,1,14,39,-3,1,-1,1,180,1,14,69,-3,2,3,5
UNOMINDA,600,170,95,1,18,63,2,2,4,6,12,15,1,18,66,-3,2,8,5,1,-15,39,-3,0,-5,-1,190,1,15,70,-2,2,7,3
NCC,598,171,84,1,13,62,2,2,0,5,1,7,1,21,65,2,2,9,5,1,-8,25,-3,-2,-3,-2,194,1,18,66,2,2,4,5
OIL,597,172,74,1,16,56,-2,2,-2,4,-3,-5,1,26,64,2,2,9,6,1,-7,15,-3,-2,-5,-3,204,1,24,65,2,2,4,5
CSBBANK,596,173,84,1,14,55,2,2,6,5,9,61,1,16,59,2,2,6,5,1,18,47,-3,0,-4,3,172,1,13,70,-3,2,3,1
GUJGASLTD,595,174,70,1,-6,63,2,2,4,5,7,69,1,12,66,-2,2,6,3,1,7,61,-3,0,1,3,188,1,15,64,2,2,6,5
CENTRALBK,593,175,82,1,8,63,2,2,2,5,4,58,1,26,44,2,2,8,5,1,14,47,-3,0,-3,3,188,1,21,66,-3,2,3,5
HFCL,593,176,60,1,4,43,2,2,5,4,7,71,1,16,66,-3,2,6,6,1,16,41,2,2,5,5,176,1,18,65,-3,2,2,4
FINPIPE,591,177,89,1,18,61,2,2,0,6,10,-7,1,19,65,2,2,8,5,1,-12,15,-3,-2,-5,0,196,1,15,69,2,2,6,4
ASAHIINDIA,591,178,99,1,21,63,2,2,5,6,12,20,1,18,65,-3,2,6,4,1,-10,39,-3,0,-4,-2,184,1,8,69,2,2,6,5
ZENSARTECH,591,179,81,1,18,59,-3,2,0,5,6,37,1,19,59,2,2,8,5,1,4,31,-2,3,-3,4,182,1,18,69,-3,2,2,3
CYIENT,590,180,86,1,13,63,2,2,3,3,9,29,1,24,59,1,2,7,5,1,4,33,-3,-2,-3,0,172,1,16,69,-3,2,2,0
SHRIRAMFIN,589,181,86,1,16,61,2,2,-1,6,1,-1,1,19,64,2,2,9,5,1,-15,25,-3,-2,-6,0,200,1,21,69,-2,2,4,6
INDIANB,586,182,80,1,8,61,2,2,2,5,0,7,1,24,65,2,2,9,5,1,-8,25,-3,-2,-5,0,178,1,18,65,-3,2,3,4
JSL,586,183,34,1,-9,50,-3,0,-2,-2,71,-21,1,26,65,2,2,9,6,1,-15,9,-3,-2,-5,-5,172,1,16,66,-3,2,2,3
SAPPHIRE,585,184,83,1,11,63,-2,2,6,3,16,51,1,8,65,-2,2,7,5,1,10,29,2,2,7,1,180,1,7,69,2,2,6,4
ENGINERSIN,584,185,88,1,15,61,2,2,2,6,1,4,1,19,64,2,2,8,6,1,-8,25,-3,-2,-5,-3,188,1,19,70,-3,2,2,4
IDFC,583,186,70,1,17,35,2,2,8,6,20,88,1,21,59,-3,2,4,4,1,21,61,-2,2,1,5,144,1,13,54,-2,3,6,-2
RRKABEL,583,187,93,1,14,63,2,2,7,5,18,75,1,13,65,-2,2,1,2,1,7,61,2,2,2,1,154,1,9,60,-2,2,8,0
BORORENEW,580,188,74,1,4,57,2,2,4,5,4,71,1,13,65,-3,2,4,0,1,9,55,2,2,-1,4,188,1,11,69,2,2,5,5
J&KBANK,579,189,65,1,-7,63,2,2,2,3,4,28,1,24,59,2,2,9,6,1,-4,41,-3,0,-4,-2,176,1,18,66,-3,2,3,2
OFSS,579,190,31,1,-10,48,-3,0,-2,-2,68,-41,1,21,65,2,2,9,6,1,-14,-19,-3,1,-1,-5,206,1,26,65,2,2,2,6
COLPAL,577,191,42,1,-4,47,-3,0,-1,3,75,-29,1,23,59,2,2,9,6,1,-11,-19,2,3,-1,-3,186,1,23,65,-3,2,2,4
ENDURANCE,576,192,82,1,10,61,2,2,2,5,6,46,1,19,59,1,2,5,4,1,18,39,-3,0,-4,-4,172,1,16,70,-3,2,1,0
GMDCLTD,575,193,57,1,14,29,2,2,5,5,9,61,1,21,59,2,2,4,6,1,18,39,-3,2,0,5,166,1,11,68,-3,3,3,1
SPARC,575,194,76,1,12,57,2,2,-1,4,12,-11,1,17,65,2,2,8,6,1,-20,15,-3,1,-5,1,198,1,19,69,2,2,3,4
CIEINDIA,575,195,87,1,15,55,2,2,8,5,12,88,1,20,59,-3,2,3,3,1,15,61,-2,2,7,5,136,1,10,53,-2,3,6,-2
AVANTIFEED,575,196,80,1,3,63,2,2,4,6,4,46,1,10,59,2,2,6,6,1,13,39,-3,0,-4,1,190,1,18,65,2,2,2,6
SANOFI,574,197,54,1,14,29,2,2,2,5,-2,58,1,19,59,2,2,6,6,1,15,47,-3,2,-3,0,182,1,15,70,-2,3,2,3
L&TFH,574,198,87,1,11,63,2,2,3,6,4,25,1,16,59,2,2,7,6,1,-10,41,-3,0,-4,1,182,1,18,69,-3,2,2,3
IRFC,573,199,63,1,-6,61,2,2,2,2,-3,18,1,28,58,2,2,8,5,1,16,15,-3,-2,-5,-3,186,1,21,65,-3,2,4,4
ZYDUSLIFE,571,200,32,1,-10,48,-3,0,-4,1,68,-46,1,23,64,2,2,9,5,1,-11,-19,-3,-2,-6,-5,202,1,24,65,2,2,3,5
INDUSTOWER,570,201,100,1,19,63,2,2,8,6,52,89,1,16,17,2,2,8,6,1,21,61,-2,2,4,3,176,1,21,49,2,2,9,5
OBEROIRLTY,569,202,78,1,13,59,1,2,-1,4,3,-6,1,21,65,1,2,8,5,1,-9,15,-3,-2,-4,-3,188,1,18,69,-2,2,3,4
RVNL,567,203,62,1,-7,61,1,2,1,4,-2,30,1,26,58,2,2,4,5,1,-5,31,-3,4,2,1,186,1,21,66,-3,2,3,4
PIIND,566,204,78,1,14,59,-3,2,0,6,6,15,1,16,66,-3,2,7,3,1,13,15,-3,-2,-5,-3,194,1,12,69,2,2,7,5
ESCORTS,566,205,89,1,18,55,2,2,6,6,9,60,1,20,59,-3,2,4,4,1,13,49,-3,0,-2,3,150,1,12,54,-3,3,6,3
TCS,563,206,48,1,-6,41,2,3,5,3,5,58,1,18,65,2,2,6,1,1,10,35,2,2,6,3,170,1,14,66,-3,2,2,4
ACI,563,207,46,1,7,23,2,3,6,5,10,83,1,15,65,-2,2,5,3,1,21,43,2,2,9,6,160,1,12,59,-2,2,5,4
IOB,562,208,77,1,8,61,2,2,-1,5,1,19,1,26,45,2,2,8,6,1,16,15,-3,-2,-5,-2,198,1,24,65,-2,2,4,6
HINDPETRO,562,209,45,1,4,33,2,3,2,1,2,34,1,19,65,2,2,8,5,1,15,9,2,2,2,4,178,1,20,64,-3,2,3,3
RELIANCE,561,210,66,1,10,57,-2,2,-1,0,0,12,1,16,65,2,2,8,4,1,-6,29,-3,0,-5,-3,192,1,19,65,2,2,3,5
ADANIENT,560,211,60,1,-8,61,2,2,-1,4,0,42,1,16,66,-3,2,4,5,1,-4,49,-3,0,-4,4,188,1,16,65,2,2,6,3
WELSPUNLIV,560,212,75,1,4,61,2,2,1,5,1,34,1,16,60,2,2,6,6,1,18,25,-3,-2,-5,1,174,1,14,69,-3,3,1,3
GLS,559,213,86,1,10,63,2,2,3,6,-2,70,1,20,38,2,2,6,5,1,14,55,-3,0,1,3,186,1,20,65,-2,2,3,5
FLUOROCHEM,557,214,50,1,18,15,2,2,8,5,10,83,1,13,66,-3,2,2,4,1,21,43,2,2,9,6,162,1,6,67,-2,3,6,1
BIRLACORPN,556,215,43,1,10,23,2,2,4,2,4,49,1,19,59,2,2,6,6,1,13,39,-2,2,-1,-2,178,1,18,65,-3,3,2,4
GMRINFRA,556,216,68,1,-3,61,2,2,1,5,1,2,1,24,59,2,2,8,6,1,-10,25,-3,-2,-5,-3,182,1,20,66,-3,2,3,3
SONACOMS,556,217,77,1,11,59,-3,1,5,4,3,65,1,10,59,2,2,6,6,1,16,35,2,2,6,4,156,1,7,65,1,2,2,1
JSWSTEEL,555,218,80,1,9,63,2,2,3,1,12,20,1,18,66,-3,2,7,1,1,-7,39,-3,-2,-5,-2,170,1,7,69,-2,2,6,3
SYNGENE,552,219,70,1,17,35,2,2,8,6,15,91,1,16,59,-2,2,2,5,1,19,63,2,2,0,5,130,1,6,45,2,3,6,3
UCOBANK,551,220,73,1,4,61,2,2,-1,5,1,26,1,26,44,2,2,8,5,1,14,25,-3,-2,-5,-3,190,1,21,66,-2,2,3,5
AIAENG,550,221,77,1,13,57,2,2,-2,5,-3,-7,1,24,59,2,2,7,5,1,-12,15,-3,-2,-4,-1,186,1,21,70,-2,2,2,0
SUZLON,548,222,57,1,7,37,2,2,4,5,4,57,1,26,38,2,2,8,6,1,8,49,-2,2,-4,4,184,1,20,70,-3,3,2,0
APLLTD,547,223,58,1,10,43,2,2,-4,5,-3,12,1,15,65,2,2,8,6,1,-7,21,-2,1,-1,0,186,1,21,65,-2,2,1,6
EQUITASBNK,547,224,56,1,11,29,2,2,7,5,10,62,1,20,59,-3,2,4,5,1,16,41,-2,2,0,5,158,1,13,68,-3,1,2,-2
IRCON,546,225,57,1,-7,57,2,2,-2,5,-3,-1,1,26,59,2,2,9,5,1,-3,15,-3,-2,-6,-2,184,1,20,66,-3,2,3,4
SUPREMEIND,546,226,72,1,13,53,1,2,-1,4,0,38,1,20,59,1,2,2,6,1,-10,45,-2,3,5,-3,166,1,14,70,-3,2,-1,1
GSFC,545,227,57,1,16,29,2,2,3,5,8,59,1,19,59,-3,2,3,5,1,16,47,-3,0,-4,3,166,1,15,67,-3,3,1,0
NH,544,228,65,1,8,57,2,2,-2,-2,-9,0,1,24,59,2,2,7,6,1,-3,15,-3,-2,-5,-2,188,1,20,69,-3,2,2,4
MANKIND,543,229,81,1,11,61,2,2,-1,6,18,0,1,20,65,-2,2,1,2,1,-12,25,-3,-2,-5,-3,180,1,14,59,2,2,8,5
MINDACORP,541,230,74,1,13,57,2,2,-2,2,-3,-6,1,24,59,2,2,9,6,1,-7,15,-3,-2,-4,-5,170,1,16,65,-3,2,0,5
KPRMILL,540,231,80,1,16,61,-3,2,2,2,6,3,1,20,59,-3,2,4,5,1,-12,9,2,3,0,1,190,1,18,70,-3,2,5,3
CARBORUNIV,539,232,80,1,16,55,2,2,0,5,7,-11,1,16,66,-3,2,4,4,1,-10,9,-3,-2,-6,1,196,1,15,69,2,2,6,4
LT,539,233,59,1,13,49,-3,2,-2,0,0,-16,1,26,59,2,2,9,6,1,-9,9,-3,-2,-6,-5,184,1,20,69,-3,2,3,1
POWERGRID,537,234,55,1,10,41,2,2,-4,4,-3,-13,1,21,66,2,2,9,6,1,-13,15,-3,-2,-5,-5,180,1,20,65,-3,2,2,4
BANKINDIA,537,235,78,1,3,63,2,2,3,5,4,26,1,21,44,2,2,8,6,1,12,25,-3,-2,-4,-2,180,1,18,65,-2,2,3,4
ASHOKLEY,537,236,87,1,15,55,2,2,7,6,11,78,1,14,59,-3,2,3,0,1,14,61,-2,2,0,3,136,1,6,55,-2,3,6,0
IDFCFIRSTB,536,237,60,1,17,29,2,2,7,3,14,94,1,18,60,-3,2,3,4,1,19,63,2,2,2,6,116,1,10,43,-2,1,5,1
MAHABANK,532,238,82,1,13,62,2,2,-1,4,1,-1,1,23,45,2,2,9,5,1,-6,15,-3,-2,-5,0,192,1,21,66,-2,2,4,5
MRPL,532,239,47,1,4,50,-3,0,-4,0,-3,-36,1,26,65,2,2,9,6,1,-13,-11,-3,-2,-5,-2,194,1,24,65,-2,2,2,6
JKCEMENT,532,240,66,1,-5,61,2,2,1,5,1,-12,1,18,66,1,2,7,5,1,-13,15,-3,-2,-4,-5,180,1,19,65,-3,2,3,4
IDBI,531,241,81,1,10,61,2,2,2,4,1,18,1,21,45,2,2,8,5,1,-12,39,-3,0,-3,-3,182,1,18,65,-2,2,3,5
COROMANDEL,531,242,87,1,16,55,2,2,6,6,15,63,1,14,59,-2,2,3,4,1,16,49,-3,0,-2,3,126,1,6,53,-2,3,6,-3
CHAMBLFERT,528,243,90,1,15,63,2,2,3,5,3,20,1,10,65,-3,2,7,4,1,-12,39,-3,0,-5,1,160,1,9,69,-2,2,3,-1
NATCOPHARM,527,244,63,1,13,49,-3,0,-1,5,-2,4,1,17,59,2,2,7,5,1,16,-13,-2,4,3,-4,186,1,16,65,2,2,3,5
BAYERCROP,527,245,33,1,13,5,2,2,5,6,1,69,1,11,59,2,2,5,5,1,13,41,2,2,6,5,172,1,13,67,-3,3,1,5
SHYAMMETL,525,246,44,1,4,29,2,2,2,5,-7,40,1,19,59,2,2,7,5,1,15,27,-3,0,-3,4,166,1,13,63,-3,3,2,5
ADANIGREEN,524,247,61,1,4,57,-3,2,-2,3,-3,12,1,15,65,-3,2,6,5,1,9,15,-3,-2,-3,-4,184,1,18,65,-3,2,4,6
ONGC,523,248,35,1,-6,41,2,2,-4,0,-3,-14,1,21,65,2,2,9,6,1,-11,9,-3,-2,-4,-3,190,1,24,65,-3,2,2,5
SAREGAMA,523,249,85,1,13,63,2,2,2,3,2,42,1,14,66,-3,2,1,4,1,14,39,-3,0,-4,-4,142,1,3,59,-2,2,4,5
BHARATFORG,518,250,45,1,3,29,2,2,4,5,4,38,1,16,60,-3,2,7,3,1,7,29,2,2,-2,0,176,1,16,68,-3,3,1,3
ICICIGI,518,251,39,1,-5,49,-3,2,-4,0,-3,-7,1,15,65,2,2,8,5,1,-10,15,-3,-2,-5,-2,198,1,23,65,2,2,2,5
AMBUJACEM,518,252,48,1,-3,49,-3,2,-2,5,-6,-18,1,19,65,2,2,8,6,1,-16,15,-3,-2,-7,-5,188,1,18,65,2,2,2,5
LAURUSLABS,517,253,93,1,17,63,2,2,4,5,12,17,1,8,52,-3,3,5,4,1,-13,39,-3,0,-4,-2,188,1,10,69,2,2,7,4
HAVELLS,513,254,69,1,13,55,-3,0,-1,5,-3,-20,1,15,65,-3,2,7,5,1,-10,-1,-3,1,-4,-3,194,1,18,65,2,2,5,5
PRESTIGE,512,255,52,1,9,41,2,2,-2,0,-3,-14,1,24,59,2,2,9,5,1,-11,9,-3,-2,-6,-1,174,1,18,70,-3,2,0,0
AMBER,511,256,60,1,-5,55,2,2,1,5,2,1,1,19,59,2,2,6,4,1,-3,15,-3,1,-5,-4,172,1,15,69,-3,2,2,1
JWL,511,257,71,1,7,57,2,2,-2,5,-6,-16,1,24,59,1,2,4,4,1,-12,9,-3,-2,-6,-2,180,1,16,70,-3,2,2,3
AUROPHARMA,509,258,70,1,13,55,2,2,-2,0,-6,-13,1,19,59,2,2,7,5,1,-14,15,-3,-2,-7,-2,176,1,18,69,-3,2,2,0
METROPOLIS,509,259,97,1,16,63,2,2,8,6,45,96,1,3,25,2,3,6,2,1,23,63,2,2,2,4,148,1,14,49,-2,2,7,4
MOTHERSON,508,260,88,1,13,63,2,2,5,3,5,83,1,13,31,2,2,7,3,1,13,61,2,2,2,3,158,1,16,45,2,2,8,6
INDUSINDBK,503,261,83,1,6,63,2,2,5,5,0,34,1,14,59,-3,2,7,5,1,-7,47,-3,0,-3,0,134,1,-5,70,-3,2,2,1
JUBLPHARMA,501,262,93,1,16,63,2,2,4,6,46,31,1,9,31,2,2,7,6,1,-12,47,-3,0,-2,1,160,1,19,49,-2,2,8,4
FINCABLES,501,263,68,1,19,35,2,2,5,5,0,60,1,18,59,-3,2,3,4,1,-4,59,-2,0,4,3,124,1,12,44,-3,1,5,3
ELECON,496,264,66,1,7,49,2,2,1,5,-3,-13,1,24,59,-3,2,4,4,1,-14,15,-3,-2,-4,-5,176,1,14,69,-3,3,1,4
BIKAJI,496,265,58,1,18,29,2,2,3,4,1,28,1,13,65,-2,2,3,6,1,-13,41,-3,2,-4,5,148,1,13,58,-3,3,3,0
PFC,492,266,39,1,-3,37,2,2,0,1,4,-31,1,26,59,2,2,8,5,1,-9,-9,-3,-2,-5,-3,174,1,23,64,-3,2,0,1
SAFARI,491,267,58,1,15,29,2,2,5,5,4,68,1,23,60,-3,2,4,5,1,21,49,-3,2,-4,3,88,1,-10,54,-3,1,1,1
SBILIFE,491,268,62,1,6,61,-3,2,-1,-3,-2,15,1,14,59,-3,2,7,5,1,-5,29,-3,0,-3,-3,164,1,14,66,-3,2,0,3
CHENNPETRO,491,269,39,1,-3,41,1,0,-4,4,-6,-32,1,26,59,2,2,9,6,1,-8,-11,-3,-2,-6,-2,178,1,20,63,-3,2,2,5
DIVISLAB,486,270,87,1,17,55,2,2,6,5,10,67,1,3,52,-3,2,4,4,1,16,55,-3,2,-1,-2,136,1,5,53,-2,3,6,3
POLICYBZR,486,271,92,1,19,63,2,2,1,5,46,49,1,17,11,-2,2,7,6,1,18,39,-3,0,-2,-3,176,1,21,49,2,2,9,5
MMTC,484,272,81,1,13,57,2,2,2,5,4,53,1,21,13,2,2,6,6,1,14,47,-3,0,-3,-2,196,1,21,70,-3,2,2,6
CHOLAFIN,482,273,81,1,16,53,2,2,2,6,6,3,1,21,59,-3,2,4,3,1,-10,25,-3,-2,-4,-3,134,1,12,54,-2,3,4,-4
SIGNATURE,481,274,45,1,-10,50,2,2,-3,4,-3,2,1,22,64,-2,2,1,2,1,-13,29,-3,-2,-4,-5,170,1,24,55,-2,2,2,4
KFINTECH,480,275,66,1,10,51,2,2,-4,5,2,-5,1,19,65,-2,2,4,3,1,-7,15,-3,-2,-5,-3,144,1,18,53,-3,2,0,2
IGL,477,276,93,1,16,63,2,2,4,6,19,29,1,3,66,2,2,6,3,1,-10,47,-3,0,-2,-3,90,1,6,25,2,2,6,4
APOLLOTYRE,476,277,-4,1,-13,-3,2,3,4,3,3,49,1,21,59,1,2,4,5,1,16,19,2,2,6,4,152,1,16,59,-3,0,1,3
CGPOWER,475,278,55,1,14,47,-3,0,-4,1,4,-36,1,24,60,-3,2,4,5,1,-10,-19,2,1,-7,-3,176,1,16,65,2,2,0,3
TATACOMM,475,279,35,1,-5,41,-3,0,-2,4,7,-35,1,21,60,2,2,7,4,1,-16,-11,-3,1,-1,-5,180,1,16,65,2,2,0,5
ASTRAZEN,473,280,18,1,11,-3,2,3,2,3,-1,27,1,21,59,2,2,1,6,1,20,7,-3,0,-2,5,156,1,15,61,-3,3,1,1
POLYMED,473,281,48,1,-6,51,2,2,-1,0,-1,-9,1,19,59,-2,2,7,6,1,-9,9,-2,-2,-3,-2,162,1,16,63,-3,2,0,3
WESTLIFE,471,282,48,1,16,15,2,2,7,6,10,95,1,16,60,-3,2,2,5,1,16,63,2,2,7,5,72,1,-10,37,-2,3,5,3
QUESS,471,283,103,1,21,63,2,2,9,6,45,106,1,6,-4,2,3,6,4,1,26,63,2,2,8,5,166,1,17,48,2,2,9,5
AXISBANK,470,284,39,1,4,29,2,2,2,0,3,23,1,14,59,-3,2,6,3,1,14,19,-3,0,-4,-3,162,1,11,68,-3,3,1,1
TANLA,470,285,43,1,17,9,2,2,7,6,9,70,1,13,60,-3,2,1,5,1,19,41,2,2,1,5,114,1,12,37,-2,1,5,4
CANFINHOME,467,286,80,1,16,57,2,2,-2,5,1,-10,1,17,59,-3,2,6,1,1,-15,15,-3,-2,-4,-1,150,1,6,68,-2,2,1,0
RCF,467,287,56,1,14,29,2,2,3,6,4,39,1,18,59,-3,2,2,6,1,16,27,-3,0,-4,3,116,1,-10,68,-3,1,1,1
CELLO,465,288,53,1,8,29,2,2,7,5,9,87,1,-11,65,-2,2,0,2,1,13,63,-3,2,6,6,148,1,8,57,-2,1,6,4
PRSMJOHNSN,464,289,60,1,16,41,1,0,-4,6,-5,-51,1,18,59,2,2,7,6,1,-15,-25,-3,1,-8,-1,178,1,18,67,-3,2,0,5
CRISIL,462,290,30,1,16,25,-3,-2,-3,-3,-6,-60,1,21,66,2,2,7,6,1,-7,-43,2,-2,-6,-4,186,1,20,63,2,2,1,5
BAJFINANCE,462,291,76,1,16,43,2,2,7,6,6,71,1,9,59,-3,2,2,0,1,11,59,2,2,-1,-2,102,1,6,37,2,3,5,-2
LLOYDSME,459,292,98,1,17,63,2,2,8,6,35,99,1,16,-3,-2,3,1,2,1,24,63,2,2,2,6,176,1,13,59,2,2,8,4
OLECTRA,457,293,53,1,10,43,2,0,-4,2,-6,-55,1,23,59,-3,2,8,6,1,-8,-35,-3,-2,-5,-2,180,1,21,64,-3,2,1,5
ITC,457,294,40,1,15,15,2,2,5,1,0,75,1,23,60,-3,2,1,3,1,16,61,-3,2,-1,0,84,1,10,29,-2,4,0,1
UJJIVANSFB,454,295,59,1,18,29,2,2,3,5,1,33,1,18,39,2,2,6,6,1,-10,47,-3,3,-3,-1,142,1,15,54,-3,1,1,3
GNFC,451,296,69,1,18,35,2,2,6,6,9,30,1,6,60,-3,2,2,2,1,-10,49,-3,0,-4,-2,136,1,12,53,-3,0,6,0
LICI,448,297,80,1,13,61,2,2,1,1,1,-3,1,14,36,-2,2,6,6,1,-8,15,-3,1,-4,-4,184,1,21,65,-3,2,3,4
SUNPHARMA,446,298,23,1,-9,39,-3,0,-4,0,-10,-71,1,23,65,2,2,7,5,1,-14,-43,-3,-2,-6,-3,192,1,23,63,2,2,1,5
DCMSHRIRAM,445,299,35,1,13,9,2,2,5,4,7,59,1,16,59,-3,2,1,5,1,20,35,-3,2,-1,6,104,1,13,37,-3,1,4,0
TORNTPHARM,442,300,17,1,-6,25,-2,-2,-3,5,0,-47,1,21,60,2,2,9,4,1,-5,-43,2,1,-3,1,178,1,20,63,-3,2,2,5
VBL,441,301,25,1,-6,39,-3,0,-5,0,-6,-72,1,26,59,2,2,9,6,1,-13,-43,-3,-2,-6,-5,182,1,24,64,-3,2,1,3
UNIONBANK,440,302,49,1,11,41,-3,0,-4,4,-6,-42,1,24,44,2,2,9,6,1,-10,-19,-3,-2,-5,-3,178,1,20,64,-2,2,1,4
TEJASNET,439,303,43,1,16,15,2,2,3,5,6,31,1,18,59,-3,2,2,5,1,-12,47,-3,0,-2,1,110,1,11,37,-2,4,5,0
SWANENERGY,439,304,42,1,-3,43,2,2,-4,2,-1,-23,1,21,65,2,2,7,6,1,-9,-9,-3,-2,-4,4,112,1,-12,63,-3,2,1,5
RAILTEL,433,305,11,1,-7,13,1,3,-4,5,1,-50,1,23,59,2,2,7,6,1,-7,-29,-3,-2,-6,-3,174,1,20,64,-3,2,0,4
HBLPOWER,432,306,21,1,-10,27,2,2,-4,4,-3,-36,1,26,59,2,2,5,6,1,-12,-9,-3,-2,-5,-5,150,1,16,59,-3,0,0,3
APLAPOLLO,431,307,50,1,-3,55,-3,2,-1,0,1,0,1,21,59,-3,2,3,4,1,-3,15,-3,-2,-4,-3,122,1,4,55,-3,3,4,-2
MAHSEAMLES,428,308,-3,1,4,-15,2,3,0,3,4,-28,1,24,59,2,2,4,6,1,7,-29,-3,-2,-5,4,164,1,20,62,-3,3,0,0
SKFINDIA,424,309,40,1,16,9,2,2,8,3,10,82,1,16,60,-3,0,2,1,1,17,61,2,2,0,0,64,1,4,17,2,4,5,0
ROUTE,422,310,36,1,-10,49,2,2,-2,-5,-5,-12,1,11,59,-3,2,6,4,1,-16,1,-2,1,3,1,166,1,16,69,-3,2,1,-2
CREDITACC,422,311,47,1,15,19,2,2,4,5,5,72,1,16,59,2,2,1,4,1,17,43,2,2,5,3,46,1,-10,36,-3,1,-1,0
HDFCAMC,411,312,9,1,-8,25,-3,-2,-3,0,-5,-61,1,19,59,2,2,8,6,1,-9,-43,-2,-2,-6,1,180,1,23,63,-3,2,1,4
ISEC,410,313,-1,1,4,-11,2,4,2,-2,-3,18,1,16,59,2,2,4,5,1,13,-9,2,2,6,4,132,1,21,51,-3,0,-1,-2
CRAFTSMAN,408,314,45,1,16,15,2,2,5,5,9,74,1,16,57,-3,2,1,3,1,9,61,2,2,2,-2,52,1,-11,39,-3,1,0,0
SUNTV,407,315,42,1,10,19,2,2,4,5,6,57,1,13,59,1,2,3,6,1,16,35,1,2,-2,5,50,1,-13,44,-3,1,-1,-3
AJANTPHARM,404,316,36,1,11,29,-3,0,-5,4,-6,-62,1,18,59,2,2,7,6,1,-13,-43,1,1,-6,-2,154,1,18,59,-3,2,0,1
PCBL,404,317,9,1,-6,5,2,2,0,6,-9,-49,1,21,59,2,2,7,6,1,-8,-29,-3,-2,-5,-2,162,1,13,64,-3,3,-1,5
PERSISTENT,399,318,3,1,-15,13,2,4,-2,1,-6,-36,1,24,59,-3,2,7,5,1,-9,-31,2,2,2,-2,156,1,21,59,-3,0,0,1
TVSMOTOR,398,319,0,1,-6,15,-3,-2,-5,1,-6,-67,1,26,59,2,2,8,6,1,-11,-43,-3,-2,-5,-3,162,1,23,59,-3,2,0,0
GODREJCP,393,320,14,1,6,15,-2,1,-4,-2,-3,-60,1,16,65,2,2,7,4,1,-5,-43,-3,-2,-4,-3,154,1,16,59,-3,2,0,3
FIVESTAR,390,321,70,1,14,53,2,2,2,-3,-2,-12,1,18,65,-2,2,4,1,1,-15,9,-3,1,-3,-1,70,1,-8,43,-2,3,1,-2
TRIDENT,390,322,26,1,10,9,2,2,2,1,-2,-17,1,13,60,-3,2,2,5,1,13,-19,-3,-2,-4,-2,146,1,13,55,-3,3,1,4
ECLERX,388,323,10,1,4,-1,2,2,-1,4,1,-47,1,18,59,-3,2,7,5,1,-5,-29,-3,-2,-4,-4,160,1,16,61,-3,3,-1,4
TITAGARH,388,324,16,1,4,5,2,2,1,2,-3,-57,1,24,57,-3,2,2,6,1,-12,-29,-3,-2,-6,-5,168,1,18,62,-3,3,1,3
PNBHOUSING,386,325,70,1,19,35,2,2,6,6,9,62,1,15,6,2,2,6,4,1,18,49,-3,0,-2,0,140,1,13,54,-3,1,2,3
JSWINFRA,382,326,29,1,-7,39,-3,0,-4,4,-3,-35,1,18,65,-2,2,1,-1,1,-8,-19,-3,4,-6,-3,142,1,13,53,-2,2,1,4
NESTLEIND,377,327,9,1,-3,15,-3,1,-1,0,3,-36,1,18,59,2,2,1,5,1,7,-49,2,2,2,0,140,1,14,60,-3,2,-1,-2
ULTRACEMCO,373,328,26,1,4,25,2,0,-5,0,-12,-61,1,17,60,1,2,5,5,1,-9,-35,-3,-2,-7,-5,150,1,18,60,-3,0,-1,1
INTELLECT,372,329,2,1,-8,15,-3,-2,-4,4,-15,-66,1,19,59,2,2,7,6,1,-16,-43,-3,1,-5,0,166,1,20,60,-3,2,-1,5
CUB,372,330,99,1,19,63,2,2,7,6,15,73,1,3,17,-2,3,5,3,1,20,55,-3,0,-2,3,98,1,6,31,2,2,7,1
MHRIL,371,331,23,1,-9,33,2,0,-4,1,-3,-52,1,21,59,-3,2,4,6,1,-7,-35,-3,1,-5,-3,136,1,11,54,-3,3,-1,4
BALKRISIND,368,332,12,1,13,-9,2,2,3,1,6,33,1,14,59,-3,2,1,4,1,-5,47,-3,0,-4,-2,86,1,8,33,-2,4,0,0
BLS,367,333,-19,1,-11,-15,2,3,-1,3,-4,-28,1,24,59,-3,2,4,4,1,10,-29,-3,1,-5,-2,148,1,15,60,-3,0,-1,3
JBMA,366,334,-23,1,-8,-9,-2,4,-5,-3,-15,-47,1,26,59,2,2,4,6,1,3,-55,2,3,0,0,154,1,21,60,-3,0,-2,1
CHOLAHLDNG,363,335,21,1,-3,31,-3,0,-2,-2,-4,-62,1,19,59,2,2,1,3,1,-13,-35,-3,1,-7,-5,150,1,14,60,-3,2,-1,3
ACC,358,336,-3,1,-12,15,-3,-2,-5,4,-12,-75,1,16,65,2,2,6,5,1,-16,-43,-3,-2,-6,-5,160,1,16,59,-2,2,0,5
HEROMOTOCO,356,337,-5,1,-7,15,-3,-2,-5,-3,-15,-67,1,19,59,2,2,7,6,1,-10,-43,-3,-2,-7,-2,158,1,21,59,-3,2,-1,1
RECLTD,355,338,-9,1,-8,9,-3,-2,-5,0,-10,-94,1,26,59,2,2,8,5,1,-16,-63,-3,-2,-6,-4,162,1,21,60,-3,2,0,1
GESHIP,354,339,20,1,-4,29,-3,0,-5,3,-10,-67,1,20,59,-3,2,5,4,1,-9,-43,-3,-2,-6,-4,150,1,18,59,-3,2,-2,1
CEATLTD,352,340,3,1,-6,11,2,1,-5,0,-6,-89,1,24,59,2,2,6,5,1,-12,-63,-3,-2,-5,-4,150,1,16,59,-3,0,-1,4
RBLBANK,344,341,59,1,15,29,2,2,6,5,3,69,1,14,-15,2,2,5,5,1,16,55,-3,0,-2,3,174,1,14,68,-3,3,1,4
CIPLA,343,342,-6,1,-10,15,-3,-2,-4,-2,-15,-72,1,19,59,2,2,7,5,1,-16,-43,-3,1,-6,-5,154,1,16,59,-3,2,-1,4
KOTAKBANK,341,343,58,1,10,35,2,2,6,3,11,82,1,6,50,-3,1,1,1,1,16,61,2,2,0,1,22,1,-7,11,2,3,5,-3
TITAN,341,344,18,1,-4,29,-2,0,-5,0,-10,-73,1,21,59,-3,2,4,5,1,-14,-43,-3,-2,-6,-5,142,1,14,59,-3,2,-2,1
BSOFT,340,345,-24,1,-11,-9,2,-2,-4,0,-9,-72,1,21,59,2,2,7,6,1,-9,-63,2,1,-6,3,154,1,20,60,-3,0,-1,1
ABBOTINDIA,339,346,-6,1,-10,9,-2,1,-4,0,0,-73,1,21,60,1,2,3,3,1,-9,-63,1,-2,-5,5,148,1,18,59,-3,2,-2,0
FACT,337,347,-13,1,-6,-15,2,3,-1,4,-5,-51,1,21,59,1,2,1,6,1,-10,-29,-3,-2,-5,-2,136,1,13,56,-3,1,-3,4
EASEMYTRIP,337,348,-25,1,-9,-15,2,3,-4,-2,-9,-24,1,21,66,-3,2,2,3,1,14,-29,-3,1,-4,-3,122,1,13,43,2,0,-1,4
GILLETTE,336,349,5,1,-3,15,-2,-2,-3,0,-10,-70,1,16,58,2,2,6,5,1,-11,-43,-3,-2,-6,-5,144,1,20,54,-3,0,-2,3
BBTC,333,350,-10,1,-4,-9,2,1,-3,3,-6,-73,1,13,59,2,2,6,6,1,-8,-61,-3,1,-1,-1,158,1,18,59,-3,0,0,5
TRIVENI,329,351,29,1,3,17,2,2,2,3,1,-18,1,18,59,-3,2,2,5,1,-10,-5,-3,0,-3,3,68,1,4,29,-3,1,-1,4
BAJAJHLDNG,328,352,-21,1,-10,-9,-2,4,-4,0,-6,-43,1,24,59,-3,2,1,3,1,8,-55,2,3,2,-3,140,1,16,59,-3,0,-2,0
KPITTECH,325,353,-18,1,-10,-15,2,2,-1,4,-12,-55,1,24,60,-3,2,5,4,1,-12,-29,-3,-2,-6,-3,134,1,13,57,-3,3,-1,-2
SONATSOFTW,321,354,-24,1,-10,-9,1,1,-5,-2,-3,-83,1,24,59,1,2,5,6,1,-10,-63,-3,1,-4,-4,140,1,16,54,-3,0,-1,4
RATNAMANI,319,355,30,1,4,17,2,2,1,4,1,-45,1,23,57,-3,2,0,0,1,-12,-19,-3,-2,-4,-5,96,1,17,34,-3,1,-1,0
SUNDRMFAST,318,356,14,1,14,-15,2,2,6,5,12,76,1,18,54,-3,0,0,3,1,21,55,-3,2,0,1,0,1,-13,13,-2,1,3,-2
CAPLIPOINT,317,357,-27,1,-10,-17,2,1,-1,-2,-6,-67,1,20,59,1,2,5,6,1,3,-63,2,-2,-4,-3,138,1,18,51,-3,0,-1,4
GRANULES,316,358,-3,1,-5,9,-3,-2,-5,3,-10,-92,1,15,59,2,2,6,5,1,-14,-63,-3,-2,-7,-3,154,1,16,59,-3,2,-1,4
ANGELONE,315,359,18,1,14,-1,2,2,0,1,-3,-51,1,24,59,-3,2,1,6,1,-9,-35,-3,4,-5,-3,84,1,-11,56,-3,3,-1,-2
DRREDDY,314,360,-8,1,-7,9,-3,-2,-5,0,-3,-90,1,15,59,2,2,6,5,1,-11,-63,-3,-2,-6,-5,148,1,13,60,-3,2,-1,3
KNRCON,313,361,1,1,6,-15,2,2,2,4,1,32,1,11,57,-3,0,1,5,1,13,27,-3,0,-2,-3,66,1,-7,39,-3,1,-1,4
HSCL,313,362,-26,1,-9,-15,2,3,-5,-2,-9,-59,1,21,58,2,2,4,6,1,-10,-35,-3,-2,-5,-4,128,1,16,52,-3,0,-1,0
ERIS,311,363,-4,1,3,-15,2,4,2,0,0,5,1,14,57,1,2,0,4,1,3,-9,2,2,4,3,76,1,13,30,-3,-2,-3,3
SUNTECK,308,364,39,1,11,17,2,2,2,5,-5,-54,1,11,60,-3,2,4,4,1,-15,-29,-3,-2,-4,-1,94,1,4,43,-3,1,1,1
HCLTECH,305,365,-36,1,-13,-11,-3,1,-7,-3,-13,-86,1,21,60,2,2,7,4,1,-10,-63,-3,-2,-7,-1,152,1,18,59,-3,0,-1,3
LATENTVIEW,300,366,93,1,16,63,2,2,4,6,9,15,1,11,-14,-2,2,5,5,1,-12,39,-3,-2,-5,-2,162,1,19,49,-2,2,7,6
ABFRL,297,367,47,1,19,15,2,2,3,6,1,19,1,4,49,-3,4,2,4,1,-10,39,-3,0,-5,-2,50,1,11,9,-2,0,4,3
ALOKINDS,296,368,-14,1,-8,-7,2,3,-4,0,-2,-59,1,19,39,2,2,5,6,1,-11,-35,-3,1,-6,-5,152,1,18,59,-3,0,-1,3
TIMKEN,295,369,11,1,13,-15,2,2,5,4,12,85,1,18,52,-3,0,-1,3,1,10,61,2,2,6,4,-20,1,-10,-7,-2,4,2,3
ASTRAL,294,370,1,1,-7,15,-3,-2,-3,1,-6,-71,1,18,60,-3,2,3,0,1,-12,-43,-3,-2,-7,-4,130,1,6,60,-2,2,-1,0
MRF,289,371,-34,1,-16,-11,-2,1,-6,0,-12,-91,1,21,60,2,2,5,6,1,-16,-63,-3,-2,-5,-2,138,1,23,53,-3,0,-2,-2
ITI,287,372,-18,1,-10,-15,2,3,-2,4,-5,-56,1,19,59,2,2,4,6,1,-8,-35,-3,-2,-6,-2,90,1,-12,56,-3,3,-3,4
TIINDIA,284,373,-31,1,-8,-11,-3,-2,-4,-3,-7,-75,1,23,60,-3,2,1,4,1,-10,-63,2,1,-2,-3,136,1,16,54,-3,0,-2,3
RKFORGE,283,374,-16,1,-8,-15,2,1,0,4,0,-52,1,23,59,-3,2,2,4,1,-4,-35,-2,-2,-6,-3,90,1,-10,55,-3,3,-3,3
JKPAPER,282,375,-10,1,16,-39,2,2,5,4,1,53,1,16,54,-3,0,-1,4,1,20,35,-3,2,-1,0,28,1,8,9,-3,1,-1,0
MASTEK,282,376,-26,1,-8,-17,2,1,-1,-3,-6,-63,1,18,60,-3,2,0,6,1,-6,-57,-3,1,-1,3,128,1,14,51,-3,0,-3,5
SUMICHEM,281,377,50,1,19,15,2,2,8,4,14,93,1,-7,44,-3,1,1,-2,1,24,63,-3,2,2,5,22,1,5,-1,2,3,5,-3
TATAELXSI,279,378,2,1,-4,3,1,2,-4,4,-3,-41,1,18,60,-3,2,0,4,1,-12,-15,-3,-2,-5,-4,78,1,10,33,-3,1,-3,1
JYOTHYLAB,275,379,-18,1,-8,-15,2,3,-1,1,-3,-66,1,24,59,2,2,2,5,1,-8,-55,-3,1,-2,1,80,1,-15,56,-3,3,-1,0
RTNINDIA,268,380,-25,1,-10,-15,2,1,-5,2,-9,-67,1,20,59,-3,2,0,5,1,-15,-45,-3,-2,-1,-1,120,1,14,51,-3,0,-3,1
GLAXO,263,381,-32,1,-11,-17,2,1,-4,-3,-12,-76,1,17,59,2,2,3,6,1,3,-63,-3,-2,-7,-4,116,1,13,51,-3,0,-4,1
PRAJIND,262,382,35,1,13,23,-3,0,-2,4,-10,-59,1,16,57,-3,2,0,4,1,-10,-35,-3,-2,-6,-3,68,1,-6,42,-3,3,-3,1
GRINDWELL,261,383,-1,1,8,-25,2,2,6,6,4,48,1,16,54,-3,0,-1,4,1,-4,41,-3,2,7,5,0,1,-6,9,-3,1,-1,0
BIOCON,256,384,86,1,8,63,2,2,5,6,4,67,1,-6,-1,2,3,2,5,1,18,49,-3,0,-1,4,84,1,17,17,-2,2,4,4
HDFCBANK,249,385,37,1,16,9,2,2,4,4,12,-4,1,11,54,-3,1,1,-2,1,-15,25,-3,-2,-5,-4,18,1,8,-9,2,3,4,1
WIPRO,249,386,-40,1,-15,-11,-3,-2,-6,-3,-15,-87,1,12,60,2,2,2,5,1,-9,-63,-3,-2,-6,-4,142,1,20,53,-3,0,-2,3
SUVENPHAR,249,387,-32,1,-7,-19,-3,-2,-4,3,-7,-64,1,18,58,-3,2,0,5,1,-10,-61,2,4,1,0,112,1,14,44,-3,0,-3,4
JMFINANCIL,247,388,-29,1,-13,-28,2,3,2,5,1,39,1,14,53,2,2,-1,4,1,19,17,-3,2,0,4,14,1,-13,24,-3,1,-2,0
DELHIVERY,245,389,81,1,5,63,2,2,6,3,3,86,1,8,-38,-2,3,2,4,1,16,63,2,2,3,0,144,1,13,45,2,2,5,5
HDFCLIFE,242,390,31,1,-3,41,-3,0,-4,0,-1,-68,1,9,59,-2,2,1,3,1,-12,-43,-3,1,-7,-4,64,1,8,25,-2,3,-3,1
TMB,241,391,10,1,11,-11,2,2,1,5,-3,-4,1,13,59,-2,2,-1,3,1,-8,15,-3,-2,-4,-2,16,1,-6,13,-3,4,2,-2
GAEL,240,392,-17,1,-6,-17,2,1,-1,4,-3,-87,1,18,57,-3,2,0,5,1,-10,-63,-3,-2,-6,-3,110,1,13,44,-3,0,-3,4
HOMEFIRST,237,393,-1,1,-5,5,1,2,-4,0,-5,-63,1,10,59,-3,2,0,4,1,-16,-35,-3,1,-6,-4,90,1,13,33,-2,1,-3,3
FINEORG,232,394,12,1,16,-15,2,2,5,2,4,66,1,13,52,-3,-2,-3,3,1,20,49,-3,2,-4,2,-30,1,3,-15,-2,1,2,-4
SWSOLAR,231,395,-4,1,-10,11,2,-2,-5,0,-14,-85,1,16,30,2,2,5,5,1,-8,-63,-3,-2,-7,-2,154,1,18,59,-3,0,-2,5
RENUKA,225,396,0,1,13,-25,2,2,4,4,1,61,1,18,46,-3,0,-1,3,1,19,39,-3,2,-1,5,-26,1,5,-19,-3,1,2,1
GICRE,223,397,-28,1,-8,-17,2,1,-4,-2,-16,-89,1,19,38,2,2,5,6,1,-12,-63,-3,1,-7,-5,140,1,18,54,-3,0,-2,3
BALAMINES,223,398,13,1,13,-15,2,2,5,6,4,75,1,4,32,-3,4,-1,3,1,9,59,2,2,0,3,14,1,3,-1,-3,1,4,3
INDIACEM,222,399,-1,1,13,-25,2,2,2,5,4,-2,1,14,53,-3,2,-1,4,1,13,-5,-3,0,-4,-3,14,1,-6,15,-3,1,-1,1
PRINCEPIPE,220,400,16,1,18,-15,2,2,4,5,9,56,1,14,46,-3,0,-1,5,1,16,47,-3,0,-2,-2,-44,1,-8,-15,-3,1,3,0
AUBANK,218,401,21,1,18,-15,2,2,8,6,10,81,1,9,45,-3,0,1,-2,1,17,61,-2,2,3,0,-44,1,-13,-14,-2,4,3,0
COFORGE,206,402,-33,1,-16,-17,2,1,-3,0,-9,-90,1,18,58,-3,2,0,5,1,-12,-63,-3,-2,-5,-5,98,1,11,44,-3,0,-3,0
DEEPAKFERT,205,403,17,1,14,-9,2,2,3,5,9,51,1,13,38,-3,-2,-3,1,1,8,47,-3,0,-4,3,-4,1,6,-15,-2,4,2,3
ALKEM,205,404,-43,1,-12,-19,-3,-2,-4,-3,-6,-91,1,19,59,2,2,4,5,1,-13,-63,-3,-2,-6,-4,72,1,-10,53,-3,0,-2,-2
KAYNES,197,405,-47,1,-13,-19,-3,-2,-7,-3,-18,-79,1,24,62,-2,2,3,6,1,-15,-63,2,1,-2,-2,56,1,-10,42,-3,0,-4,3
MAPMYINDIA,194,406,0,1,-5,5,2,2,-2,-2,-6,-46,1,16,38,-2,2,2,4,1,-15,-15,-3,-2,-6,-5,66,1,-7,42,-3,1,-3,3
VARROC,187,407,26,1,-3,25,2,2,-4,4,-3,-46,1,19,-14,2,2,6,5,1,-16,-15,-3,-2,-7,-3,150,1,14,61,-3,3,-1,1
MPHASIS,183,408,-24,1,-8,-17,2,1,0,-2,-6,-67,1,11,59,-3,2,-1,4,1,-7,-55,-3,1,-4,1,64,1,-3,43,-3,0,-3,-2
TECHM,181,409,-34,1,-10,-19,2,1,-4,-4,-9,-86,1,10,59,-3,2,-1,5,1,-10,-63,-3,-2,-4,-4,94,1,13,43,-3,0,-4,-2
SYRMA,174,410,-38,1,-11,-36,2,4,2,1,-1,-14,1,18,59,-2,2,0,4,1,4,-31,2,3,5,3,-16,1,-12,14,-3,1,-4,-4
KIMS,169,411,-38,1,-11,-19,2,-2,-6,-2,-16,-83,1,19,58,-3,2,1,5,1,-10,-63,-3,-2,-6,1,60,1,-10,44,-3,0,-4,3
GMMPFAUDLR,167,412,22,1,21,-15,2,2,7,5,14,88,1,14,24,-3,-2,-1,1,1,21,61,2,2,1,1,-56,1,-13,-15,-2,4,3,-5
LALPATHLAB,160,413,18,1,16,-15,2,2,7,6,10,76,1,-6,26,-3,3,-3,1,1,17,43,2,2,8,4,2,1,-12,9,-3,1,3,3
ALLCARGO,158,414,-25,1,7,-39,2,3,-4,6,-2,-61,1,14,54,-3,2,-1,0,1,-13,-35,-3,1,-6,-5,48,1,4,23,-3,0,-3,3
JKLAKSHMI,149,415,-68,1,-12,-43,-3,-2,-5,-3,-16,-68,1,18,58,-3,2,-1,5,1,-6,-63,2,4,-3,-2,64,1,-7,44,-3,0,-5,3
NETWORK18,146,416,-26,1,-11,-18,2,1,-1,1,-6,-66,1,18,15,1,2,0,6,1,6,-63,-3,1,-5,-2,118,1,16,43,-3,0,-3,6
MARICO,145,417,7,1,10,-15,2,2,4,4,1,61,1,-4,46,-3,0,-1,0,1,16,41,-3,2,0,5,-38,1,3,-19,-3,1,2,-3
NIACL,145,418,-20,1,-8,-9,2,1,-4,-2,-12,-92,1,19,6,2,2,6,6,1,-13,-63,-3,-2,-6,-5,146,1,23,54,-3,0,-2,1
RHIM,140,419,18,1,16,-15,2,2,7,6,14,68,1,-10,46,-3,0,-1,4,1,16,41,-2,2,8,3,-68,1,-13,-18,-3,1,2,-3
3MINDIA,136,420,-56,1,-8,-43,2,-2,-6,1,-16,-80,1,18,53,1,2,-2,4,1,-9,-63,-3,-2,-6,3,60,1,14,30,-3,-2,-5,-4
CERA,125,421,-34,1,16,-59,2,3,0,4,-5,-18,1,18,53,-3,0,-1,1,1,15,-29,-3,1,-2,0,-22,1,-12,7,-3,1,-4,0
MTARTECH,117,422,2,1,18,-27,2,2,2,5,1,-17,1,13,46,-3,0,-1,4,1,16,-19,-3,-2,-6,-3,-46,1,-10,-10,-3,1,1,-2
PPLPHARMA,117,423,95,1,19,63,2,2,3,6,8,69,1,-13,-37,-2,3,1,5,1,23,47,-3,0,-2,4,74,1,6,25,-3,2,6,1
IEX,115,424,66,1,14,35,2,2,8,5,9,93,1,4,-41,-3,3,4,-2,1,21,63,2,2,1,4,52,1,5,15,-3,2,6,1
DEVYANI,113,425,11,1,11,-15,2,2,6,5,12,62,1,-8,38,-3,0,-1,-2,1,18,37,2,2,-1,4,-44,1,-12,-14,-2,4,2,0
PATANJALI,113,426,-59,1,-13,-41,2,1,-6,-2,-11,-46,1,18,57,-3,2,-1,4,1,13,-61,-3,1,1,3,-2,1,-8,20,-3,-2,-5,-3
AAVAS,111,427,69,1,19,35,2,2,6,5,15,79,1,-6,0,-3,4,2,3,1,24,55,-3,0,-1,4,-52,1,10,-44,2,3,6,-3
CENTURYPLY,110,428,-42,1,-8,-41,2,1,-1,5,-6,-70,1,16,54,-3,2,-1,4,1,-7,-63,2,3,-3,-2,12,1,-11,23,-3,1,-4,0
ZFCVINDIA,105,429,-66,1,-7,-43,-3,-2,-6,-5,-10,-82,1,20,57,-3,2,1,4,1,-10,-63,-3,-2,-6,2,20,1,-7,30,-3,-2,-5,-3
SHREECEM,99,430,-23,1,4,-25,1,0,-4,1,-6,-80,1,3,54,1,2,-1,1,1,-9,-55,-3,-2,-6,-5,28,1,-7,23,-3,1,-3,3
INFY,97,431,-58,1,-13,-41,2,4,-6,-4,-8,-68,1,13,54,-3,2,-1,4,1,-9,-47,-3,0,-5,-4,24,1,-11,33,-3,0,-5,-2
AETHER,95,432,13,1,15,-15,2,2,5,4,4,70,1,14,19,-2,-2,-1,0,1,24,41,-3,2,2,4,-76,1,-7,-39,2,4,2,0
PAGEIND,95,433,5,1,10,-15,2,2,2,4,6,40,1,10,30,-3,1,-3,-3,1,15,29,-3,0,-4,3,-52,1,-10,-15,-2,1,2,-2
BRITANNIA,93,434,-65,1,-8,-43,-3,-2,-6,-3,-11,-85,1,18,57,-3,2,0,-2,1,-8,-63,-3,-2,-6,-3,38,1,-9,43,-3,-2,-5,-5
APTUS,93,435,7,1,8,-9,2,3,0,3,-2,-20,1,10,-19,2,2,4,3,1,4,-27,-2,3,-4,6,102,1,14,36,-3,3,1,0
METROBRAND,89,436,-58,1,-3,-43,-3,-2,-4,-3,-7,-66,1,21,53,-2,2,-1,5,1,-10,-61,2,4,1,-2,-14,1,-8,10,-3,-2,-5,1
CHEMPLASTS,88,437,66,1,13,35,2,2,8,6,9,47,1,3,-44,2,3,4,4,1,-12,59,-2,2,0,0,50,1,6,9,-2,3,6,3
BALRAMCHIN,76,438,-9,1,13,-25,2,2,-2,1,1,-32,1,14,46,-3,0,-1,-2,1,-15,-9,-3,-2,-4,1,-46,1,-6,-19,-2,4,2,-2
EMAMILTD,74,439,-2,1,10,-25,2,2,4,5,7,35,1,11,39,-3,0,-3,0,1,-5,41,-3,2,2,-2,-98,1,-10,-35,-3,1,-1,-1
KAJARIACER,64,440,-55,1,-10,-45,2,2,-1,-3,2,-28,1,-3,54,-3,0,-1,4,1,-8,-19,-3,1,-3,4,-8,1,-12,7,-3,1,-1,4
EPL,64,441,-47,1,4,-59,2,2,0,4,1,-28,1,3,39,2,0,-3,5,1,6,-29,-3,1,-4,1,0,1,3,7,-3,1,-4,-4
CGCL,62,442,-38,1,13,-59,2,3,-1,4,-2,-25,1,13,40,-3,0,-3,4,1,12,-29,-3,1,-4,-2,-26,1,-15,3,-3,1,-5,6
NAVINFLUOR,62,443,17,1,14,-15,2,2,8,6,15,98,1,-13,31,-3,1,-4,-2,1,17,63,2,2,8,6,-98,1,-15,-39,2,4,2,-3
WHIRLPOOL,59,444,74,1,21,35,2,2,8,6,18,78,1,-8,-13,-2,1,1,-2,1,16,61,-3,2,1,1,-42,1,18,-46,2,3,6,-4
CCL,58,445,-65,1,-7,-61,2,4,-1,-2,-10,-45,1,18,54,-3,0,-2,5,1,11,-61,2,2,-1,2,-38,1,-8,3,-3,-2,-6,-3
ADANIENSOL,49,446,35,1,8,17,2,2,2,4,4,-3,1,-8,18,-3,4,0,0,1,-6,9,-2,1,-5,0,-20,1,15,-30,-2,2,4,1
AFFLE,49,447,-68,1,-11,-59,2,3,-1,-2,-9,-48,1,14,48,-3,0,-1,4,1,-6,-29,-3,-2,-5,-3,-12,1,-10,13,-3,1,-3,-4
YESBANK,48,448,42,1,4,37,2,2,-4,1,1,-29,1,13,-39,2,2,5,5,1,-8,-9,-3,-2,-5,-2,70,1,20,15,-3,0,-1,4
CROMPTON,32,449,41,1,16,9,2,2,8,4,10,79,1,-8,-4,-3,4,2,1,1,17,43,2,2,9,6,-74,1,3,-45,-2,1,5,1
PGHH,28,450,-63,1,-7,-43,-3,-2,-5,-3,-9,-83,1,18,53,-3,2,-1,0,1,-7,-63,-3,1,-7,-4,-24,1,-10,9,-3,-2,-4,-2
DALBHARAT,22,451,-62,1,-3,-59,2,1,-5,2,-9,-61,1,14,47,-3,0,-2,4,1,-10,-35,-3,-2,-6,-5,-26,1,-12,7,-3,1,-4,-2
TV18BRDCST,22,452,-58,1,-11,-41,2,1,-6,-3,-9,-74,1,18,13,1,2,-1,6,1,-3,-63,-3,1,-4,-2,46,1,-8,34,-3,-2,-4,6
ALKYLAMINE,22,453,18,1,18,-15,2,2,5,6,-2,51,1,-10,20,-3,-2,-4,4,1,16,35,-3,2,-2,3,-60,1,5,-39,-2,1,2,3
HAPPSTMNDS,21,454,-1,1,13,-25,2,2,4,3,4,70,1,-7,24,-3,-2,-3,1,1,21,41,-3,2,6,3,-82,1,4,-43,-3,1,2,-2
LXCHEM,19,455,17,1,16,-15,2,2,6,6,6,76,1,10,7,-3,-2,1,3,1,19,43,2,2,6,4,-128,1,-8,-59,-3,1,2,3
RAMCOCEM,19,456,-17,1,14,-35,2,2,0,0,3,-46,1,-3,40,-3,0,-3,4,1,-4,-29,-3,-2,-5,-3,-26,1,-13,7,-3,1,-2,-3
HONASA,5,457,-13,1,-8,-15,2,3,0,5,-9,-36,1,-9,-5,-2,-2,-2,-1,1,-11,-33,2,4,-1,3,126,1,13,46,-2,3,0,3
NYKAA,3,458,98,1,17,63,2,2,8,6,18,76,1,-15,-55,-2,3,1,1,1,16,59,-3,2,1,1,12,1,9,-13,-2,2,7,3
INDIAMART,-16,459,-77,1,-8,-63,-3,1,-1,-3,-2,-9,1,10,46,-3,0,-3,4,1,10,-25,2,2,2,0,-90,1,-7,-25,-3,-2,-4,-4
IIFL,-19,460,-16,1,18,-48,2,3,4,5,-2,26,1,-18,38,-3,0,-3,-3,1,23,6,-3,0,0,0,-60,1,-16,-12,-3,1,-3,3
ANURAS,-35,461,-83,1,-12,-63,-3,-2,-6,3,-2,-73,1,9,47,-3,0,-2,4,1,-12,-63,2,3,-1,-2,-42,1,-13,3,-3,-2,-5,-1
SBFC,-41,462,25,1,5,9,2,2,6,1,10,77,1,-10,-29,-2,1,0,-1,1,17,43,2,2,7,6,-30,1,10,-35,2,1,5,2
PVRINOX,-41,463,14,1,13,-15,2,2,7,5,9,72,1,-4,7,-3,-2,-4,0,1,16,41,2,2,7,4,-118,1,-15,-43,-3,4,2,-4
VIPIND,-48,464,14,1,16,-15,2,2,3,6,-3,4,1,-7,24,-3,-2,-5,0,1,-7,25,-3,-2,-5,-4,-84,1,-6,-43,-2,4,1,4
TTML,-58,465,-74,1,-11,-61,2,1,-5,0,-9,-81,1,15,46,-3,0,-3,5,1,-12,-55,-3,-2,-6,-3,-74,1,-10,-25,-3,1,-4,4
SBICARD,-63,466,15,1,18,-15,2,2,6,2,11,81,1,-7,-7,-3,1,-1,-3,1,24,55,-3,0,1,4,-110,1,-11,-53,2,4,3,0
LTIM,-65,467,-80,1,-15,-61,2,4,-6,-4,-30,-66,1,10,48,-3,0,-4,-2,1,4,-61,-3,-2,-5,1,-36,1,-10,7,-3,-2,-6,-4
IDEA,-74,468,-34,1,-8,-17,-2,1,-5,-3,-10,-9,1,15,-34,2,2,3,1,1,9,-31,2,4,6,1,12,1,16,-1,-3,0,-4,-2
STLTECH,-74,469,17,1,17,-15,2,2,5,6,6,66,1,-9,-15,-3,1,-2,3,1,19,49,-3,0,-2,3,-88,1,3,-53,-2,1,3,4
UPL,-119,470,15,1,15,-15,2,2,7,4,14,74,1,-12,-6,-3,1,-4,-4,1,14,59,-2,2,1,0,-138,1,-15,-59,2,4,2,-3
ATUL,-126,471,-12,1,16,-39,2,2,6,1,9,73,1,-10,9,-3,-2,-4,-2,1,16,43,2,2,4,6,-160,1,-13,-63,-3,1,1,-3
ASIANPAINT,-128,472,-64,1,-10,-59,2,3,0,0,-1,-56,1,-3,38,-3,-2,-3,0,1,-8,-35,-3,-2,-5,-3,-88,1,-12,-21,-3,1,-5,-4
VAIBHAVGBL,-137,473,-54,1,-13,-42,2,1,-6,4,-9,-90,1,10,16,-3,2,-3,4,1,-13,-63,-3,1,-7,-5,-62,1,-10,-15,-3,-2,-4,3
JUBLFOOD,-141,474,-40,1,-6,-47,2,3,4,4,3,43,1,-10,14,-3,-2,-4,0,1,15,13,2,2,8,3,-132,1,-13,-45,-3,1,-3,-3
BLUEDART,-156,475,-32,1,-7,-33,2,2,4,0,-3,-4,1,-8,24,-3,-2,-4,0,1,-7,-3,2,3,4,-3,-138,1,-14,-45,-3,1,-4,-4
KRBL,-201,476,-64,1,-8,-59,2,2,-1,0,-5,-55,1,-7,28,-3,0,-3,4,1,-13,-29,-3,-2,-6,-2,-134,1,-12,-45,-3,1,-5,-3
IBULHSGFIN,-211,477,-47,1,-8,-39,2,2,-4,0,1,-58,1,7,-47,1,2,0,4,1,-8,-35,-3,-2,-6,-4,-8,1,13,-10,-3,1,-3,-2
BATAINDIA,-213,478,-49,1,-11,-49,2,3,3,3,9,43,1,-7,7,-3,-2,-5,-2,1,17,11,2,2,6,5,-180,1,-15,-65,-3,1,-4,-4
TVSSCS,-225,479,6,1,16,-25,2,2,6,5,1,64,1,16,-59,-2,-2,-2,-1,1,15,41,-3,2,5,4,-146,1,-10,-63,-2,1,1,0
ATGL,-225,480,-61,1,-6,-53,2,1,-5,0,-9,-88,1,-15,18,-3,4,-2,1,1,-9,-63,-3,-2,-7,-4,-76,1,16,-48,-3,0,-1,-2
BERGEPAINT,-248,481,-55,1,10,-63,2,-2,-3,1,0,-78,1,-8,8,-3,-2,-4,4,1,-7,-63,2,-2,-5,-3,-100,1,4,-49,-3,1,-4,1
GLAND,-260,482,-37,1,-10,-17,2,-2,-5,-5,-5,-79,1,4,-60,2,3,0,4,1,-13,-63,-3,1,-2,1,2,1,14,-1,-3,0,-4,-5
HAPPYFORGE,-307,483,-2,1,-3,-15,2,2,6,6,7,77,1,-13,-59,-2,-2,-2,-1,1,16,43,2,2,8,6,-152,1,-13,-63,-2,1,0,1
AWL,-314,484,-54,1,4,-59,2,3,-4,0,1,-56,1,10,-39,-2,1,-3,4,1,-13,-29,-3,-2,-4,-5,-118,1,8,-70,2,1,0,0
KANSAINER,-318,485,-55,1,-13,-47,2,3,0,0,-2,-8,1,-8,-13,-3,-2,-4,3,1,-8,3,-3,2,-3,1,-172,1,-13,-65,-3,1,-3,-3
MEDPLUS,-319,486,-20,1,-4,-25,-2,2,4,5,3,34,1,8,-65,-2,-2,-3,-2,1,11,9,2,2,5,5,-138,1,-10,-63,-2,4,1,1
CLEAN,-322,487,-22,1,8,-39,2,3,4,0,-4,77,1,-6,-65,-3,1,-3,1,1,18,43,2,2,6,6,-148,1,-7,-65,-3,1,-1,1
HINDUNILVR,-355,488,-81,1,-16,-63,2,1,-5,0,-12,-90,1,-7,14,-3,-2,-5,-3,1,-11,-63,-3,-2,-6,-5,-154,1,-12,-49,-3,-2,-7,-4
PEL,-355,489,-56,1,-7,-59,2,3,0,5,-3,-31,1,-7,-21,-3,-2,-5,3,1,-8,-15,-3,0,-3,-2,-160,1,-10,-65,-3,1,-4,1
CAMPUS,-359,490,-22,1,4,-39,2,3,5,3,1,40,1,-11,-59,-2,1,-4,-1,1,12,17,-2,2,7,4,-150,1,-8,-66,-2,1,0,0
DABUR,-381,491,-95,1,-16,-63,-3,-2,-7,-4,-45,-84,1,-7,14,-3,-2,-5,-2,1,-15,-63,1,1,-6,-2,-142,1,-7,-49,-3,-2,-5,-5
MANYAVAR,-385,492,-72,1,-10,-62,2,1,-1,-2,-10,-66,1,-10,-10,-2,-2,-5,-2,1,-7,-63,2,3,-1,0,-144,1,-13,-45,-3,1,-7,-5
TATATECH,-417,493,-6,1,13,-27,2,2,1,3,1,-26,1,-13,-58,-2,-2,-2,-1,1,-4,-9,-3,-2,-5,-3,-152,1,-13,-63,-2,1,1,0
RAJESHEXPO,-426,494,-60,1,-7,-56,2,3,0,-2,-5,-29,1,-10,-36,-3,1,-6,-4,1,-12,-5,-3,-2,-5,-2,-158,1,-15,-68,2,4,0,-2
INDIGOPNTS,-452,495,-60,1,-8,-55,2,3,0,-2,-2,-22,1,-8,-65,2,1,-1,1,1,4,-29,-3,4,-1,3,-158,1,-6,-65,-3,1,-4,-2
STARHEALTH,-495,496,-58,1,-13,-45,1,2,-4,1,-3,-31,1,-15,-65,-2,1,-1,-3,1,-8,-9,-3,-2,-5,-4,-148,1,-12,-69,2,4,0,1
NUVOCO,-519,497,-64,1,-10,-59,2,3,0,0,-2,-56,1,-10,-66,-3,-2,-3,3,1,-7,-35,-3,-2,-5,-4,-154,1,-6,-65,-3,1,-5,1
ZEEL,-564,498,-58,1,-8,-59,2,3,-1,5,-2,-58,1,-9,-66,-3,-2,-6,-2,1,-10,-35,-3,-2,-6,-2,-182,1,-13,-65,-3,1,-6,-5
RBA,-575,499,-89,1,-10,-63,-3,-2,-6,-5,-16,-88,1,8,-66,-3,-2,-6,1,1,-15,-63,-3,1,-7,-1,-178,1,-10,-69,-3,-2,-6,1
BANDHANBNK,-601,500,-79,1,-16,-62,2,1,-2,-2,-6,-76,1,-9,-68,-3,-2,-6,-2,1,-14,-63,-2,4,-4,3,-170,1,-8,-65,-3,1,-5,-5
PAYTM,-628,501,-75,1,-8,-64,1,1,-5,0,-9,-92,1,-13,-68,-2,-2,-5,-2,1,-14,-63,-3,1,-8,-5,-176,1,-16,-65,-3,4,-6,-2
